<?xml version="1.0" encoding="UTF-8"?><ValueSet xmlns="http://hl7.org/fhir"><id value="patient-relationship-type"/><language value="en-US"/><text><status value="extensions"/><div xmlns="http://www.w3.org/1999/xhtml" xml:lang="en-US" lang="en-US"><p>This value set includes codes based on the following rules:</p><ul><li>Include all codes defined in <a href="http://terminology.hl7.org/5.3.0/CodeSystem-v2-0131.html"><code>http://terminology.hl7.org/CodeSystem/v2-0131</code></a></li><li>Include codes from <a href="http://terminology.hl7.org/5.3.0/CodeSystem-v3-RoleCode.html"><code>http://terminology.hl7.org/CodeSystem/v3-RoleCode</code></a> where concept  is-a  <a href="http://terminology.hl7.org/5.3.0/CodeSystem-v3-RoleCode.html#v3-RoleCode-_PersonalRelationshipRoleType">_PersonalRelationshipRoleType</a></li><li>Include these codes as defined in <a href="http://terminology.hl7.org/5.3.0/CodeSystem-v3-RoleCode.html"><code>http://terminology.hl7.org/CodeSystem/v3-RoleCode</code></a><table class="none"><tr><td style="white-space:nowrap"><b>Code</b></td><td><b>Display</b></td><td><b>Definition</b></td></tr><tr><td><a href="http://terminology.hl7.org/5.3.0/CodeSystem-v3-RoleCode.html#v3-RoleCode-GUARD">GUARD</a></td><td>Guardian</td><td>The role played by a person or institution legally empowered with responsibility for the care of a ward.</td></tr><tr><td><a href="http://terminology.hl7.org/5.3.0/CodeSystem-v3-RoleCode.html#v3-RoleCode-HPOWATT">HPOWATT</a></td><td>healthcare power of attorney</td><td>A relationship between two people in which one person authorizes another to act for him or her in a manner which is a legally binding upon the person giving such authority as if he or she personally were to do the acts that continues (by its terms) to be effective even though the grantor has become mentally incompetent after signing the document.</td></tr></table></li></ul></div></text><url value="http://fhir.health.gov.il/ValueSet/patient-relationship-type"/><version value="0.13.2"/><name value="ILCorePatientRelationshipType"/><title value="IL Core Patient Relationship Type codes"/><status value="draft"/><experimental value="false"/><date value="2023-12-23T19:10:55+02:00"/><publisher value="Israel Core Team"/><contact><name value="Israel Core Team"/><telecom><system value="email"/><value value="ido.levin@moh.gov.il"/></telecom></contact><contact><name value="Kippi Bordowitz"/><telecom><system value="email"/><value value="ido.levin@moh.gov.il"/></telecom></contact><description value="A set of codes that can be used to indicate the relationship between a Patient and a Related Person."/><compose><include><system value="http://terminology.hl7.org/CodeSystem/v2-0131"/></include><include><system value="http://terminology.hl7.org/CodeSystem/v3-RoleCode"/><filter><property value="concept"/><op value="is-a"/><value value="_PersonalRelationshipRoleType"/></filter></include><include><system value="http://terminology.hl7.org/CodeSystem/v3-RoleCode"/><concept><code value="GUARD"/><display value="Guardian"/></concept><concept><code value="HPOWATT"/><display value="healthcare power of attorney"/></concept></include></compose></ValueSet>