<?xml version="1.0" encoding="UTF-8"?><ValueSet xmlns="http://hl7.org/fhir"><id value="il-core-religion-code"/><text><status value="generated"/><div xmlns="http://www.w3.org/1999/xhtml"><p>This value set includes codes based on the following rules:</p><ul><li>Include all codes defined in <a href="CodeSystem-il-core-religion-code.html"><code>http://fhir.health.gov.il/cs/il-core-religion-code</code></a></li><li>Include all codes defined in <a href="http://terminology.hl7.org/5.3.0/CodeSystem-v3-ReligiousAffiliation.html"><code>http://terminology.hl7.org/CodeSystem/v3-ReligiousAffiliation</code></a></li></ul></div></text><url value="http://fhir.health.gov.il/ValueSet/il-religion-code"/><version value="0.13.2"/><name value="ILCoreReligionCode"/><title value="IL Core Religion Code"/><status value="draft"/><experimental value="false"/><date value="2023-12-23T19:10:55+02:00"/><publisher value="Israel Core Team"/><contact><name value="Israel Core Team"/><telecom><system value="email"/><value value="ido.levin@moh.gov.il"/></telecom></contact><contact><name value="Kippi Bordowitz"/><telecom><system value="email"/><value value="ido.levin@moh.gov.il"/></telecom></contact><description value="A list of codes for Religion for the IL Core"/><compose><include><system value="http://fhir.health.gov.il/cs/il-core-religion-code"/></include><include><system value="http://terminology.hl7.org/CodeSystem/v3-ReligiousAffiliation"/></include></compose></ValueSet>