{
  "resourceType" : "ValueSet",
  "id" : "il-core-medication-code",
  "text" : {
    "status" : "generated",
    "div" : "<div xmlns=\"http://www.w3.org/1999/xhtml\"><p>This value set includes codes based on the following rules:</p><ul><li>Include all codes defined in <a href=\"CodeSystem-moh-medication-code.html\"><code>http://israeldrugs.health.gov.il</code></a></li><li>Include all codes defined in <code>http://cosmetics.health.gov.il</code></li><li>Include all codes defined in <a href=\"http://www.snomed.org/\"><code>http://snomed.info/sct</code></a></li><li>Include all codes defined in <a href=\"http://www.whocc.no/atc\"><code>http://www.whocc.no/atc</code></a></li><li>Include all codes defined in <a href=\"http://www.nlm.nih.gov/research/umls/rxnorm\"><code>http://www.nlm.nih.gov/research/umls/rxnorm</code></a></li><li>Include all codes defined in <code>http://www.gs1.org/gtin</code></li></ul></div>"
  },
  "url" : "http://fhir.health.gov.il/ValueSet/il-core-medication-code",
  "version" : "0.13.2",
  "name" : "ILCoreMedicationCode",
  "title" : "ILCore Medication Code",
  "status" : "draft",
  "experimental" : false,
  "date" : "2023-12-23T19:10:55+02:00",
  "publisher" : "Israel Core Team",
  "contact" : [{
    "name" : "Israel Core Team",
    "telecom" : [{
      "system" : "email",
      "value" : "ido.levin@moh.gov.il"
    }]
  },
  {
    "name" : "Kippi Bordowitz",
    "telecom" : [{
      "system" : "email",
      "value" : "ido.levin@moh.gov.il"
    }]
  }],
  "description" : "Codes for medications according to ILCore catalogue",
  "compose" : {
    "include" : [{
      "system" : "http://israeldrugs.health.gov.il"
    },
    {
      "system" : "http://cosmetics.health.gov.il"
    },
    {
      "system" : "http://snomed.info/sct"
    },
    {
      "system" : "http://www.whocc.no/atc"
    },
    {
      "system" : "http://www.nlm.nih.gov/research/umls/rxnorm"
    },
    {
      "system" : "http://www.gs1.org/gtin"
    }]
  }
}