{
  "resourceType" : "ValueSet",
  "id" : "il-core-procedure-reason",
  "text" : {
    "status" : "generated",
    "div" : "<div xmlns=\"http://www.w3.org/1999/xhtml\"><p>This value set includes codes based on the following rules:</p><ul><li>Import all the codes that are contained in <a href=\"ValueSet-il-core-procedure-code.html\">IL Core procedure Codes</a></li><li>Import all the codes that are contained in <a href=\"ValueSet-il-core-condition-code.html\">IL Core Condition Code</a></li></ul></div>"
  },
  "url" : "http://fhir.health.gov.il/ValueSet/il-core-procedure-reason",
  "version" : "0.13.2",
  "name" : "ILCoreProcedureReason",
  "title" : "IL Core procedure Reason",
  "status" : "draft",
  "experimental" : false,
  "date" : "2023-12-23T19:10:55+02:00",
  "publisher" : "Israel Core Team",
  "contact" : [{
    "name" : "Israel Core Team",
    "telecom" : [{
      "system" : "email",
      "value" : "ido.levin@moh.gov.il"
    }]
  },
  {
    "name" : "Kippi Bordowitz",
    "telecom" : [{
      "system" : "email",
      "value" : "ido.levin@moh.gov.il"
    }]
  }],
  "description" : "A list of codes for procedure reasons for the IL Core",
  "compose" : {
    "include" : [{
      "valueSet" : ["http://fhir.health.gov.il/ValueSet/il-core-procedure-code"]
    },
    {
      "valueSet" : ["http://fhir.health.gov.il/ValueSet/il-core-condition-code"]
    }]
  }
}