{
  "resourceType" : "ValueSet",
  "id" : "il-core-encounter-class",
  "text" : {
    "status" : "extensions",
    "div" : "<div xmlns=\"http://www.w3.org/1999/xhtml\"><p>This value set includes codes based on the following rules:</p><ul><li>Include all codes defined in <a href=\"CodeSystem-il-core-encounter-class.html\"><code>http://fhir.health.gov.il/cs/il-core-encounter-class</code></a></li><li>Include these codes as defined in <a href=\"http://terminology.hl7.org/5.3.0/CodeSystem-v3-ActCode.html\"><code>http://terminology.hl7.org/CodeSystem/v3-ActCode</code></a><table class=\"none\"><tr><td style=\"white-space:nowrap\"><b>Code</b></td><td><b>Display</b></td><td><b>Definition</b></td></tr><tr><td><a href=\"http://terminology.hl7.org/5.3.0/CodeSystem-v3-ActCode.html#v3-ActCode-AMB\">AMB</a></td><td>ambulatory</td><td>A comprehensive term for health care provided in a healthcare facility (e.g. a practitioneraTMs office, clinic setting, or hospital) on a nonresident basis. The term ambulatory usually implies that the patient has come to the location and is not assigned to a bed. Sometimes referred to as an outpatient encounter.</td></tr><tr><td><a href=\"http://terminology.hl7.org/5.3.0/CodeSystem-v3-ActCode.html#v3-ActCode-EMER\">EMER</a></td><td>emergency</td><td>A patient encounter that takes place at a dedicated healthcare service delivery location where the patient receives immediate evaluation and treatment, provided until the patient can be discharged or responsibility for the patient's care is transferred elsewhere (for example, the patient could be admitted as an inpatient or transferred to another facility.)</td></tr><tr><td><a href=\"http://terminology.hl7.org/5.3.0/CodeSystem-v3-ActCode.html#v3-ActCode-FLD\">FLD</a></td><td>field</td><td>A patient encounter that takes place both outside a dedicated service delivery location and outside a patient's residence. Example locations might include an accident site and at a supermarket.</td></tr><tr><td><a href=\"http://terminology.hl7.org/5.3.0/CodeSystem-v3-ActCode.html#v3-ActCode-HH\">HH</a></td><td>home health</td><td>Healthcare encounter that takes place in the residence of the patient or a designee</td></tr><tr><td><a href=\"http://terminology.hl7.org/5.3.0/CodeSystem-v3-ActCode.html#v3-ActCode-IMP\">IMP</a></td><td>inpatient encounter</td><td>A patient encounter where a patient is admitted by a hospital or equivalent facility, assigned to a location where patients generally stay at least overnight and provided with room, board, and continuous nursing service.</td></tr><tr><td><a href=\"http://terminology.hl7.org/5.3.0/CodeSystem-v3-ActCode.html#v3-ActCode-ACUTE\">ACUTE</a></td><td>inpatient acute</td><td>An acute inpatient encounter.</td></tr><tr><td><a href=\"http://terminology.hl7.org/5.3.0/CodeSystem-v3-ActCode.html#v3-ActCode-NONAC\">NONAC</a></td><td>inpatient non-acute</td><td>Any category of inpatient encounter except 'acute'</td></tr><tr><td><a href=\"http://terminology.hl7.org/5.3.0/CodeSystem-v3-ActCode.html#v3-ActCode-OBSENC\">OBSENC</a></td><td>observation encounter</td><td>An encounter where the patient usually will start in different encounter, such as one in the emergency department (EMER) but then transition to this type of encounter because they require a significant period of treatment and monitoring to determine whether or not their condition warrants an inpatient admission or discharge. In the majority of cases the decision about admission or discharge will occur within a time period determined by local, regional or national regulation, often between 24 and 48 hours.</td></tr><tr><td><a href=\"http://terminology.hl7.org/5.3.0/CodeSystem-v3-ActCode.html#v3-ActCode-PRENC\">PRENC</a></td><td>pre-admission</td><td>A patient encounter where patient is scheduled or planned to receive service delivery in the future, and the patient is given a pre-admission account number. When the patient comes back for subsequent service, the pre-admission encounter is selected and is encapsulated into the service registration, and a new account number is generated.<br/><br/>*Usage Note:* This is intended to be used in advance of encounter types such as ambulatory, inpatient encounter, virtual, etc.</td></tr><tr><td><a href=\"http://terminology.hl7.org/5.3.0/CodeSystem-v3-ActCode.html#v3-ActCode-SS\">SS</a></td><td>short stay</td><td>An encounter where the patient is admitted to a health care facility for a predetermined length of time, usually less than 24 hours.</td></tr><tr><td><a href=\"http://terminology.hl7.org/5.3.0/CodeSystem-v3-ActCode.html#v3-ActCode-VR\">VR</a></td><td>virtual</td><td>A patient encounter where the patient and the practitioner(s) are not in the same physical location. Examples include telephone conference, email exchange, robotic surgery, and televideo conference.</td></tr></table></li></ul></div>"
  },
  "url" : "http://fhir.health.gov.il/ValueSet/il-core-encounter-class",
  "version" : "0.13.2",
  "name" : "ILCoreEncounterClass",
  "title" : "IL Core Encounter Class Codes",
  "status" : "draft",
  "experimental" : false,
  "date" : "2023-12-23T19:10:55+02:00",
  "publisher" : "Israel Core Team",
  "contact" : [{
    "name" : "Israel Core Team",
    "telecom" : [{
      "system" : "email",
      "value" : "ido.levin@moh.gov.il"
    }]
  },
  {
    "name" : "Kippi Bordowitz",
    "telecom" : [{
      "system" : "email",
      "value" : "ido.levin@moh.gov.il"
    }]
  }],
  "description" : "A list of class codes for Encounters for the IL Core",
  "compose" : {
    "include" : [{
      "system" : "http://fhir.health.gov.il/cs/il-core-encounter-class"
    },
    {
      "system" : "http://terminology.hl7.org/CodeSystem/v3-ActCode",
      "concept" : [{
        "code" : "AMB",
        "display" : "ambulatory"
      },
      {
        "code" : "EMER",
        "display" : "emergency"
      },
      {
        "code" : "FLD",
        "display" : "field"
      },
      {
        "code" : "HH",
        "display" : "home health"
      },
      {
        "code" : "IMP",
        "display" : "inpatient encounter"
      },
      {
        "code" : "ACUTE",
        "display" : "inpatient acute"
      },
      {
        "code" : "NONAC",
        "display" : "inpatient non-acute"
      },
      {
        "code" : "OBSENC",
        "display" : "observation encounter"
      },
      {
        "code" : "PRENC",
        "display" : "pre-admission"
      },
      {
        "code" : "SS",
        "display" : "short stay"
      },
      {
        "code" : "VR",
        "display" : "virtual"
      }]
    }]
  }
}