<?xml version="1.0" encoding="UTF-8"?>

<ValueSet xmlns="http://hl7.org/fhir">
  <id value="il-core-observation-lab-code"/>
  <text>
    <status value="generated"/><div xmlns="http://www.w3.org/1999/xhtml"><p>This value set includes codes based on the following rules:</p><ul><li>Include codes from <a href="http://loinc.org"><code>http://loinc.org</code></a> where CLASSTYPE  =  1</li><li>Include these codes as defined in <a href="http://loinc.org"><code>http://loinc.org</code></a><table class="none"><tr><td style="white-space:nowrap"><b>Code</b></td><td><b>Display</b></td></tr><tr><td><a href="https://loinc.org/11778-8/">11778-8</a></td><td>Delivery date Estimated</td></tr><tr><td><a href="https://loinc.org/15325-4/">15325-4</a></td><td>Prostate specific Ag/Prostate volume calculated</td></tr><tr><td><a href="https://loinc.org/19991-9/">19991-9</a></td><td>Alveolar-arterial oxygen Partial pressure difference</td></tr><tr><td><a href="https://loinc.org/20564-1/">20564-1</a></td><td>Oxygen saturation in Blood</td></tr><tr><td><a href="https://loinc.org/2709-4/">2709-4</a></td><td>Oxygen saturation in Capillary blood</td></tr><tr><td><a href="https://loinc.org/2711-0/">2711-0</a></td><td>Oxygen saturation in Venous blood</td></tr><tr><td><a href="https://loinc.org/29463-7/">29463-7</a></td><td>Body weight</td></tr><tr><td><a href="https://loinc.org/3137-7/">3137-7</a></td><td>Body height Measured</td></tr><tr><td><a href="https://loinc.org/33069-6/">33069-6</a></td><td>Fetal nuchal translucency measured by US</td></tr><tr><td><a href="https://loinc.org/33434-2/">33434-2</a></td><td>Volume expired (vol/time)</td></tr><tr><td><a href="https://loinc.org/38018-8/">38018-8</a></td><td>US Guidance for fine needle aspiration of Unspecified body region</td></tr><tr><td><a href="https://loinc.org/39231-6/">39231-6</a></td><td>Syphilis screen test status CPHS</td></tr><tr><td><a href="https://loinc.org/43150-2/">43150-2</a></td><td>Hemoglobin A1c measurement device panel</td></tr><tr><td><a href="https://loinc.org/45251-6/">45251-6</a></td><td>HIV confirmation facility</td></tr><tr><td><a href="https://loinc.org/45687-1/">45687-1</a></td><td>Sexually transmitted diseases [Minimum Data Set]</td></tr><tr><td><a href="https://loinc.org/46633-4/">46633-4</a></td><td>Remarks [RFC]</td></tr><tr><td><a href="https://loinc.org/48585-4/">48585-4</a></td><td>NM Exhaled gas Gastric emptying time post 100 mg sodium acetate PO</td></tr><tr><td><a href="https://loinc.org/48770-2/">48770-2</a></td><td>Fetal Biophysical profile panel US</td></tr><tr><td><a href="https://loinc.org/48807-2/">48807-2</a></td><td>Bone marrow aspiration report</td></tr><tr><td><a href="https://loinc.org/55399-0/">55399-0</a></td><td>Diabetes tracking panel</td></tr><tr><td><a href="https://loinc.org/60834-9/">60834-9</a></td><td>Blood temperature</td></tr><tr><td><a href="https://loinc.org/62855-2/">62855-2</a></td><td>Deprecated PhenX measure - oral glucose tolerance test</td></tr><tr><td><a href="https://loinc.org/62856-0/">62856-0</a></td><td>PhenX - oral glucose tolerance test protocol 141001</td></tr><tr><td><a href="https://loinc.org/64604-2/">64604-2</a></td><td>Technician [Identifier]</td></tr><tr><td><a href="https://loinc.org/64711-5/">64711-5</a></td><td>How many weeks or months did that pregnancy last [#] [PhenX]</td></tr><tr><td><a href="https://loinc.org/68608-9/">68608-9</a></td><td>Summary note</td></tr><tr><td><a href="https://loinc.org/71853-6/">71853-6</a></td><td>Oxygen saturation [Pure mass fraction] in Blood</td></tr><tr><td><a href="https://loinc.org/73806-2/">73806-2</a></td><td>Newborn age in hours</td></tr><tr><td><a href="https://loinc.org/76282-3/">76282-3</a></td><td>Heart rate.beat-to-beat by EKG</td></tr><tr><td><a href="https://loinc.org/78354-8/">78354-8</a></td><td>Arterial-alveolar oxygen Partial pressure ratio</td></tr><tr><td><a href="https://loinc.org/78940-4/">78940-4</a></td><td>Coronary artery disease risk factor panel</td></tr><tr><td><a href="https://loinc.org/80333-8/">80333-8</a></td><td>Other elements in Urine</td></tr><tr><td><a href="https://loinc.org/81035-8/">81035-8</a></td><td>Trans fat intake 24 hour Measured</td></tr><tr><td><a href="https://loinc.org/8277-6/">8277-6</a></td><td>Body surface area</td></tr><tr><td><a href="https://loinc.org/8310-5/">8310-5</a></td><td>Body temperature</td></tr><tr><td><a href="https://loinc.org/8609-0/">8609-0</a></td><td>Hypertrophy [Interpretation] by EKG</td></tr><tr><td><a href="https://loinc.org/87179-8/">87179-8</a></td><td>Guidance for fine needle aspiration</td></tr><tr><td><a href="https://loinc.org/9187-6/">9187-6</a></td><td>Urine output</td></tr><tr><td><a href="https://loinc.org/92573-5/">92573-5</a></td><td>Resident of region that is endemic for the disease of interest</td></tr><tr><td><a href="https://loinc.org/99742-9/">99742-9</a></td><td>Peritoneal dialysis panel</td></tr></table></li></ul></div>
  </text>
  <url value="http://fhir.health.gov.il/ValueSet/il-core-observation-lab-code"/>
  <version value="0.13.2"/>
  <name value="ILCoreObservationLabCode"/>
  <title value="IL Core Observation Lab Code"/>
  <status value="draft"/>
  <experimental value="false"/>
  <date value="2023-12-23T19:10:55+02:00"/>
  <publisher value="Israel Core Team"/>
  <contact>
    <name value="Israel Core Team"/>
    <telecom>
      <system value="email"/>
      <value value="ido.levin@moh.gov.il"/>
    </telecom>
  </contact>
  <contact>
    <name value="Kippi Bordowitz"/>
    <telecom>
      <system value="email"/>
      <value value="ido.levin@moh.gov.il"/>
    </telecom>
  </contact>
  <description value="A list of lab-code codes for lab observations for the IL Core"/>
  <compose>
    <include>
      <system value="http://loinc.org"/>
      <filter>
        <property value="CLASSTYPE"/>
        <op value="="/>
        <value value="1"/>
      </filter>
    </include>
    <include>
      <system value="http://loinc.org"/>
      <concept>
        <code value="11778-8"/>
        <display value="Delivery date Estimated"/>
      </concept>
      <concept>
        <code value="15325-4"/>
        <display value="Prostate specific Ag/Prostate volume calculated"/>
      </concept>
      <concept>
        <code value="19991-9"/>
        <display value="Alveolar-arterial oxygen Partial pressure difference"/>
      </concept>
      <concept>
        <code value="20564-1"/>
        <display value="Oxygen saturation in Blood"/>
      </concept>
      <concept>
        <code value="2709-4"/>
        <display value="Oxygen saturation in Capillary blood"/>
      </concept>
      <concept>
        <code value="2711-0"/>
        <display value="Oxygen saturation in Venous blood"/>
      </concept>
      <concept>
        <code value="29463-7"/>
        <display value="Body weight"/>
      </concept>
      <concept>
        <code value="3137-7"/>
        <display value="Body height Measured"/>
      </concept>
      <concept>
        <code value="33069-6"/>
        <display value="Fetal nuchal translucency measured by US"/>
      </concept>
      <concept>
        <code value="33434-2"/>
        <display value="Volume expired (vol/time)"/>
      </concept>
      <concept>
        <code value="38018-8"/>
        <display value="US Guidance for fine needle aspiration of Unspecified body region"/>
      </concept>
      <concept>
        <code value="39231-6"/>
        <display value="Syphilis screen test status CPHS"/>
      </concept>
      <concept>
        <code value="43150-2"/>
        <display value="Hemoglobin A1c measurement device panel"/>
      </concept>
      <concept>
        <code value="45251-6"/>
        <display value="HIV confirmation facility"/>
      </concept>
      <concept>
        <code value="45687-1"/>
        <display value="Sexually transmitted diseases [Minimum Data Set]"/>
      </concept>
      <concept>
        <code value="46633-4"/>
        <display value="Remarks [RFC]"/>
      </concept>
      <concept>
        <code value="48585-4"/>
        <display value="NM Exhaled gas Gastric emptying time post 100 mg sodium acetate PO"/>
      </concept>
      <concept>
        <code value="48770-2"/>
        <display value="Fetal Biophysical profile panel US"/>
      </concept>
      <concept>
        <code value="48807-2"/>
        <display value="Bone marrow aspiration report"/>
      </concept>
      <concept>
        <code value="55399-0"/>
        <display value="Diabetes tracking panel"/>
      </concept>
      <concept>
        <code value="60834-9"/>
        <display value="Blood temperature"/>
      </concept>
      <concept>
        <code value="62855-2"/>
        <display value="Deprecated PhenX measure - oral glucose tolerance test"/>
      </concept>
      <concept>
        <code value="62856-0"/>
        <display value="PhenX - oral glucose tolerance test protocol 141001"/>
      </concept>
      <concept>
        <code value="64604-2"/>
        <display value="Technician [Identifier]"/>
      </concept>
      <concept>
        <code value="64711-5"/>
        <display value="How many weeks or months did that pregnancy last [#] [PhenX]"/>
      </concept>
      <concept>
        <code value="68608-9"/>
        <display value="Summary note"/>
      </concept>
      <concept>
        <code value="71853-6"/>
        <display value="Oxygen saturation [Pure mass fraction] in Blood"/>
      </concept>
      <concept>
        <code value="73806-2"/>
        <display value="Newborn age in hours"/>
      </concept>
      <concept>
        <code value="76282-3"/>
        <display value="Heart rate.beat-to-beat by EKG"/>
      </concept>
      <concept>
        <code value="78354-8"/>
        <display value="Arterial-alveolar oxygen Partial pressure ratio"/>
      </concept>
      <concept>
        <code value="78940-4"/>
        <display value="Coronary artery disease risk factor panel"/>
      </concept>
      <concept>
        <code value="80333-8"/>
        <display value="Other elements in Urine"/>
      </concept>
      <concept>
        <code value="81035-8"/>
        <display value="Trans fat intake 24 hour Measured"/>
      </concept>
      <concept>
        <code value="8277-6"/>
        <display value="Body surface area"/>
      </concept>
      <concept>
        <code value="8310-5"/>
        <display value="Body temperature"/>
      </concept>
      <concept>
        <code value="8609-0"/>
        <display value="Hypertrophy [Interpretation] by EKG"/>
      </concept>
      <concept>
        <code value="87179-8"/>
        <display value="Guidance for fine needle aspiration"/>
      </concept>
      <concept>
        <code value="9187-6"/>
        <display value="Urine output"/>
      </concept>
      <concept>
        <code value="92573-5"/>
        <display value="Resident of region that is endemic for the disease of interest"/>
      </concept>
      <concept>
        <code value="99742-9"/>
        <display value="Peritoneal dialysis panel"/>
      </concept>
    </include>
  </compose>
</ValueSet>