{"resourceType":"CodeSystem","id":"il-core-encounter-class","text":{"status":"generated","div":"<div xmlns=\"http://www.w3.org/1999/xhtml\"><p>This case-insensitive code system <code>http://fhir.health.gov.il/cs/il-core-encounter-class</code> defines the following codes:</p><table class=\"codes\"><tr><td style=\"white-space:nowrap\"><b>Code</b></td><td><b>Display</b></td></tr><tr><td style=\"white-space:nowrap\">COMMUNITY-OR-HMO<a name=\"il-core-encounter-class-COMMUNITY-OR-HMO\"> </a></td><td>Community Care/HMO setting</td></tr><tr><td style=\"white-space:nowrap\">RALTCF<a name=\"il-core-encounter-class-RALTCF\"> </a></td><td>Residential Aged Care/Long Term Care Facility</td></tr></table></div>"},"extension":[{"url":"http://hl7.org/fhir/StructureDefinition/codesystem-effectiveDate","valueDate":"2023-01"}],"url":"http://fhir.health.gov.il/cs/il-core-encounter-class","version":"0.13.2","name":"ILCoreEncounterClass","title":"IL Core Encounter Class codes","status":"draft","experimental":false,"date":"2023-12-23T19:20:26+02:00","publisher":"Israel Core Team","contact":[{"name":"Israel Core Team","telecom":[{"system":"email","value":"ido.levin@moh.gov.il"}]},{"name":"Kippi Bordowitz","telecom":[{"system":"email","value":"ido.levin@moh.gov.il"}]}],"description":"A list of codes for class types of encounters","caseSensitive":false,"content":"complete","count":2,"concept":[{"code":"COMMUNITY-OR-HMO","display":"Community Care/HMO setting"},{"code":"RALTCF","display":"Residential Aged Care/Long Term Care Facility"}]}