{"resourceType":"CodeSystem","id":"il-core-medication-course-of-therapy-type","text":{"status":"generated","div":"<div xmlns=\"http://www.w3.org/1999/xhtml\"><p>This case-insensitive code system <code>http://fhir.health.gov.il/cs/il-core-medication-course-of-therapy-type</code> defines the following code:</p><table class=\"codes\"><tr><td style=\"white-space:nowrap\"><b>Code</b></td><td><b>Display</b></td><td><b>Definition</b></td></tr><tr><td style=\"white-space:nowrap\">sos<a name=\"il-core-medication-course-of-therapy-type-sos\"> </a></td><td>SOS</td><td>A medication which is expected to be used on-demand when needed in emergency (e.g. opioid medication, laxative medication)</td></tr></table></div>"},"url":"http://fhir.health.gov.il/cs/il-core-medication-course-of-therapy-type","version":"0.13.2","name":"ILCoreMedicationCourseOfTherapyType","title":"Codes for Medication Course of therpy types","status":"draft","experimental":false,"date":"2023-12-23T19:20:26+02:00","publisher":"Israel Core Team","contact":[{"name":"Israel Core Team","telecom":[{"system":"email","value":"ido.levin@moh.gov.il"}]},{"name":"Kippi Bordowitz","telecom":[{"system":"email","value":"ido.levin@moh.gov.il"}]}],"description":"A list of codes for Medication Course of therpy types","caseSensitive":false,"content":"complete","count":1,"concept":[{"code":"sos","display":"SOS","definition":"A medication which is expected to be used on-demand when needed in emergency (e.g. opioid medication, laxative medication)"}]}