{"resourceType":"ValueSet","id":"department-type-moh","text":{"status":"generated","div":"<div xmlns=\"http://www.w3.org/1999/xhtml\"><ul><li>Include all codes defined in <a href=\"CodeSystem-department-type-moh.html\"><code>http://fhir.health.gov.il/cs/department-type-moh</code></a></li></ul></div>"},"url":"http://fhir.health.gov.il/ValueSet/department-type-moh","version":"0.13.2","name":"DepartmentTypeMoH","title":"Department Type MoH","status":"draft","experimental":false,"date":"2023-12-23T19:20:26+02:00","publisher":"Israel Core Team","contact":[{"name":"Israel Core Team","telecom":[{"system":"email","value":"ido.levin@moh.gov.il"}]},{"name":"Kippi Bordowitz","telecom":[{"system":"email","value":"ido.levin@moh.gov.il"}]}],"description":"Israel ministry of health coding system for department types","compose":{"include":[{"system":"http://fhir.health.gov.il/cs/department-type-moh"}]}}