{"resourceType":"ValueSet","id":"il-core-religion-code","text":{"status":"generated","div":"<div xmlns=\"http://www.w3.org/1999/xhtml\"><p>This value set includes codes based on the following rules:</p><ul><li>Include all codes defined in <a href=\"CodeSystem-il-core-religion-code.html\"><code>http://fhir.health.gov.il/cs/il-core-religion-code</code></a></li><li>Include all codes defined in <a href=\"http://terminology.hl7.org/5.3.0/CodeSystem-v3-ReligiousAffiliation.html\"><code>http://terminology.hl7.org/CodeSystem/v3-ReligiousAffiliation</code></a></li></ul></div>"},"url":"http://fhir.health.gov.il/ValueSet/il-religion-code","version":"0.13.2","name":"ILCoreReligionCode","title":"IL Core Religion Code","status":"draft","experimental":false,"date":"2023-12-23T19:20:26+02:00","publisher":"Israel Core Team","contact":[{"name":"Israel Core Team","telecom":[{"system":"email","value":"ido.levin@moh.gov.il"}]},{"name":"Kippi Bordowitz","telecom":[{"system":"email","value":"ido.levin@moh.gov.il"}]}],"description":"A list of codes for Religion for the IL Core","compose":{"include":[{"system":"http://fhir.health.gov.il/cs/il-core-religion-code"},{"system":"http://terminology.hl7.org/CodeSystem/v3-ReligiousAffiliation"}]}}