{"resourceType":"NamingSystem","id":"nurse-advanced-course","text":{"status":"generated","div":"<div xmlns=\"http://www.w3.org/1999/xhtml\"><h3>Summary</h3><table class=\"grid\"><tr><td>Defining URL</td><td>http://fhir.health.gov.il/NamingSystem/nurse-advanced-course</td></tr><tr><td>Version</td><td>0.13.2</td></tr><tr><td>Name</td><td>Israeli Ministry of Health nurse advanced course</td></tr><tr><td>Status</td><td>active</td></tr><tr><td>Definition</td><td><div><p>Identifies RN advanced course according to Israeli MoH</p>\n</div></td></tr><tr><td>Publisher</td><td>Israel Core Team</td></tr></table><h3>Identifiers</h3><table class=\"grid\"><tr><td><b>Type</b></td><td><b>Value</b></td><td><b>Preferred</b></td></tr><tr><td>URI</td><td>http://fhir.health.gov.il/identifier/nurse-advanced-course</td><td>true</td></tr></table></div>"},"extension":[{"url":"http://hl7.org/fhir/5.0/StructureDefinition/extension-NamingSystem.url","valueUri":"http://fhir.health.gov.il/NamingSystem/nurse-advanced-course"},{"url":"http://hl7.org/fhir/5.0/StructureDefinition/extension-NamingSystem.version","valueString":"0.13.2"}],"name":"Israeli Ministry of Health nurse advanced course","status":"active","kind":"identifier","date":"2022-12-08","publisher":"Israel Core Team","contact":[{"name":"Israel Core Team","telecom":[{"system":"email","value":"ido.levin@moh.gov.il"}]},{"name":"Kippi Bordowitz","telecom":[{"system":"email","value":"ido.levin@moh.gov.il"}]}],"responsible":"Israeli MoH","type":{"coding":[{"system":"http://terminology.hl7.org/CodeSystem/v2-0203","code":"AC","display":"Accreditation/Certification Identifier"}],"text":"Nurse advanced course accreditation number"},"description":"Identifies RN advanced course according to Israeli MoH","jurisdiction":[{"coding":[{"system":"urn:iso:std:iso:3166","code":"IL"}]}],"usage":"SHOULD include the advanced-course-code, a dash (-) and permanent-registration-certificate-number (nurse license-number as the moh-nurse-registration-certificate identifier) <advanced-course-code>-<permanent-registration-certificate-number> where advanced-course-code is a value from <a href=\"https://simplifier.net/ilcore/practitioner-advanced-course-moh-duplicate-2\">PractitionerAdvancedCourseMoH</a>. It means the identifier for different advanced course certificates for the same nurse will not be unique, but the practice-code will show the difference between them.","uniqueId":[{"type":"uri","value":"http://fhir.health.gov.il/identifier/nurse-advanced-course","preferred":true}]}