{"resourceType":"ValueSet","id":"il-core-doctor-to-doctor","text":{"status":"generated","div":"<div xmlns=\"http://www.w3.org/1999/xhtml\"><ul><li>Include these codes as defined in <a href=\"http://www.snomed.org/\"><code>http://snomed.info/sct</code></a><table class=\"none\"><tr><td style=\"white-space:nowrap\"><b>Code</b></td><td><b>Display</b></td></tr><tr><td><a href=\"http://snomed.info/id/1268903003\">1268903003</a></td><td>Consultation by multidisciplinary team (procedure)</td></tr></table></li></ul></div>"},"url":"http://fhir.health.gov.il/ValueSet/il-core-doctor-to-doctor","version":"0.13.2","name":"ILCoreDoctorToDoctor","title":"IL Core Doctor To Doctor Codes","status":"draft","experimental":false,"date":"2023-12-23T19:10:55+02:00","publisher":"Israel Core Team","contact":[{"name":"Israel Core Team","telecom":[{"system":"email","value":"ido.levin@moh.gov.il"}]},{"name":"Kippi Bordowitz","telecom":[{"system":"email","value":"ido.levin@moh.gov.il"}]}],"description":"Codes for Doctor To Doctor encounter for the IL Core","compose":{"include":[{"system":"http://snomed.info/sct","concept":[{"code":"1268903003","display":"Consultation by multidisciplinary team (procedure)"}]}]}}