{"resourceType":"ValueSet","id":"organization-type","text":{"status":"generated","div":"<div xmlns=\"http://www.w3.org/1999/xhtml\"><p>This value set includes codes based on the following rules:</p><ul><li>Include codes from <a href=\"http://www.snomed.org/\"><code>http://snomed.info/sct</code></a> where concept  is-a  285201006 (Hospital environment)</li><li>Include codes from <a href=\"http://www.snomed.org/\"><code>http://snomed.info/sct</code></a> where concept  is-a  43741000 (Site of care)</li><li>Include codes from <a href=\"http://www.snomed.org/\"><code>http://snomed.info/sct</code></a> where concept  is-a  440654001 (Inpatient environment (environment))</li><li>Include codes from <a href=\"http://www.snomed.org/\"><code>http://snomed.info/sct</code></a> where concept  is-a  440655000 (Outpatient environment (environment))</li><li>Include codes from <a href=\"http://www.snomed.org/\"><code>http://snomed.info/sct</code></a> where concept  is-a  285141008 (Work environment)</li><li>Include codes from <a href=\"http://www.snomed.org/\"><code>http://snomed.info/sct</code></a> where concept  is-a  264368004 (Military establishment)</li><li>Include codes from <a href=\"http://www.snomed.org/\"><code>http://snomed.info/sct</code></a> where concept  is-a  419955002 (Residential institution (environment))</li><li>Include codes from <a href=\"http://www.snomed.org/\"><code>http://snomed.info/sct</code></a> where concept  is-a  257698009 (School)</li><li>Include codes from <a href=\"http://www.snomed.org/\"><code>http://snomed.info/sct</code></a> where concept  is-a  257727001 (Warehouse)</li></ul></div>"},"url":"http://fhir.health.gov.il/ValueSet/organization-type","version":"0.13.2","name":"OrganizationType","title":"Organization Type","status":"draft","experimental":false,"date":"2023-12-23T19:10:55+02:00","publisher":"Israel Core Team","contact":[{"name":"Israel Core Team","telecom":[{"system":"email","value":"ido.levin@moh.gov.il"}]},{"name":"Kippi Bordowitz","telecom":[{"system":"email","value":"ido.levin@moh.gov.il"}]}],"description":"SNOMED based value set of recommended types of organizations and organization units","compose":{"include":[{"system":"http://snomed.info/sct","filter":[{"property":"concept","op":"is-a","value":"285201006"}]},{"system":"http://snomed.info/sct","filter":[{"property":"concept","op":"is-a","value":"43741000"}]},{"system":"http://snomed.info/sct","filter":[{"property":"concept","op":"is-a","value":"440654001"}]},{"system":"http://snomed.info/sct","filter":[{"property":"concept","op":"is-a","value":"440655000"}]},{"system":"http://snomed.info/sct","filter":[{"property":"concept","op":"is-a","value":"285141008"}]},{"system":"http://snomed.info/sct","filter":[{"property":"concept","op":"is-a","value":"264368004"}]},{"system":"http://snomed.info/sct","filter":[{"property":"concept","op":"is-a","value":"419955002"}]},{"system":"http://snomed.info/sct","filter":[{"property":"concept","op":"is-a","value":"257698009"}]},{"system":"http://snomed.info/sct","filter":[{"property":"concept","op":"is-a","value":"257727001"}]}]}}