<?xml version="1.0" encoding="UTF-8"?><ValueSet xmlns="http://hl7.org/fhir"><id value="il-core-jurisdiction"/><text><status value="generated"/><div xmlns="http://www.w3.org/1999/xhtml"><ul><li>Include all codes defined in <a href="http://terminology.hl7.org/5.3.0/CodeSystem-ISO3166Part1.html"><code>urn:iso:std:iso:3166</code></a></li></ul></div></text><url value="http://fhir.health.gov.il/ValueSet/il-core-jurisdiction"/><version value="0.13.2"/><name value="ILCoreJurisdiction"/><title value="Country Codes"/><status value="draft"/><experimental value="false"/><date value="2023-12-23T19:20:26+02:00"/><publisher value="Israel Core Team"/><contact><name value="Israel Core Team"/><telecom><system value="email"/><value value="ido.levin@moh.gov.il"/></telecom></contact><contact><name value="Kippi Bordowitz"/><telecom><system value="email"/><value value="ido.levin@moh.gov.il"/></telecom></contact><description value="Codes for countries according to ISO 3166"/><compose><include><system value="urn:iso:std:iso:3166"/></include></compose></ValueSet>